{
  "type": "minecraft:chest",
  "pools": [
    {
      "bonus_rolls": 0.0,
      "entries": [
        {
          "type": "minecraft:item",
          "name": "minecraft:enchanted_golden_apple"
        },
        {
          "type": "minecraft:item",
          "functions": [
            {
              "add": false,
              "count": {
                "type": "minecraft:uniform",
                "max": 3.0,
                "min": 2.0
              },
              "function": "minecraft:set_count"
            }
          ],
          "name": "minecraft:golden_apple"
        },
        {
          "type": "minecraft:item",
          "functions": [
            {
              "add": false,
              "count": {
                "type": "minecraft:uniform",
                "max": 4.0,
                "min": 2.0
              },
              "function": "minecraft:set_count"
            }
          ],
          "name": "minecraft:experience_bottle"
        },
        {
          "type": "minecraft:loot_table",
          "value": "nova_structures:special_items/levitation_arrow"
        },
        {
          "type": "minecraft:loot_table",
          "value": "nova_structures:special_items/levitation_potion"
        },
        {
          "type": "minecraft:loot_table",
          "value": "nova_structures:special_items/levitation_splash_potion"
        },
        {
          "type": "minecraft:loot_table",
          "value": "nova_structures:special_items/levitation_lingering_potion"
        }
      ],
      "rolls": 2.0
    },
    {
      "bonus_rolls": 0.0,
      "entries": [
        {
          "type": "minecraft:item",
          "functions": [
            {
              "function": "set_count",
              "count": 3
            }
          ],
          "name": "minecraft:end_crystal"
        },
        {
          "type": "minecraft:item",
          "functions": [
            {
              "function": "enchant_with_levels",
              "levels": 20,
              "options": "#nova_structures:end_castle"
            }
          ],
          "name": "minecraft:diamond_helmet"
        },
        {
          "type": "minecraft:item",
          "functions": [
            {
              "function": "enchant_with_levels",
              "levels": 20,
              "options": "#nova_structures:end_castle"
            }
          ],
          "name": "minecraft:diamond_chestplate"
        },
        {
          "type": "minecraft:item",
          "functions": [
            {
              "function": "enchant_with_levels",
              "levels": 20,
              "options": "#nova_structures:end_castle"
            }
          ],
          "name": "minecraft:diamond_leggings"
        },
        {
          "type": "minecraft:item",
          "functions": [
            {
              "function": "enchant_with_levels",
              "levels": 20,
              "options": "#nova_structures:end_castle"
            }
          ],
          "name": "minecraft:diamond_boots"
        },
        {
          "type": "minecraft:item",
          "functions": [
            {
              "function": "enchant_with_levels",
              "levels": 30,
              "options": "#nova_structures:end_castle"
            }
          ],
          "name": "minecraft:diamond_sword"
        },
        {
          "type": "minecraft:item",
          "functions": [
            {
              "function": "enchant_with_levels",
              "levels": 30,
              "options": "#nova_structures:end_castle"
            }
          ],
          "name": "minecraft:diamond_axe"
        },
        {
          "type": "minecraft:item",
          "functions": [
            {
              "function": "enchant_with_levels",
              "levels": 20,
              "options": "#nova_structures:end_castle"
            }
          ],
          "name": "minecraft:crossbow"
        }
      ],
      "rolls": 1.0
    },
    {
      "bonus_rolls": 0.0,
      "entries": [
        {
          "type": "minecraft:item",
          "name": "trickster:astral_knot"
        }
      ],
      "rolls": 1.0
    },
    {
      "rolls": 1,
      "bonus_rolls": 0.0,
      "entries": [
        {
          "type": "minecraft:item",
          "functions": [
            {
              "function": "set_count",
              "count": {
                "max": 2,
                "min": 1,
                "type": "uniform"
              }
            }
          ],
          "name": "minecraft:gold_block"
        },
        {
          "type": "minecraft:item",
          "functions": [
            {
              "function": "set_count",
              "count": {
                "max": 3,
                "min": 2,
                "type": "uniform"
              }
            }
          ],
          "name": "minecraft:iron_block"
        },
        {
          "type": "minecraft:item",
          "name": "minecraft:diamond_block"
        },
        {
          "type": "minecraft:item",
          "functions": [
            {
              "function": "set_count",
              "count": {
                "max": 5,
                "min": 3,
                "type": "uniform"
              }
            }
          ],
          "name": "minecraft:emerald"
        }
      ]
    },
    {
      "rolls": 1,
      "bonus_rolls": 0.0,
      "entries": [
        {
          "type": "item",
          "name": "minecraft:spire_armor_trim_smithing_template"
        },
        {
          "type": "item",
          "name": "minecraft:eye_armor_trim_smithing_template",
          "weight": 5
        },
        {
          "type": "item",
          "name": "minecraft:lodestone"
        },
        {
          "type": "minecraft:item",
          "functions": [
            {
              "options": "#nova_structures:gravity",
              "function": "minecraft:enchant_randomly"
            }
          ],
          "name": "minecraft:book",
          "weight": 4
        },
        {
          "type": "minecraft:item",
          "functions": [
            {
              "function": "minecraft:enchant_randomly",
              "options": "#nova_structures:wax_wings"
            }
          ],
          "name": "minecraft:book"
        }
      ]
    }
  ],
  "functions": [
    {
      "function": "minecraft:reference",
      "name": "nova_structures:loot_modifier"
    }
  ]
}
