{
  "type": "minecraft:chest",
  "pools": [
    {
      "rolls": 1,
      "bonus_rolls": 0,
      "entries": [
        {
          "type": "minecraft:item",
          "name": "map",
          "weight": 5,
          "quality": 1,
          "functions": [
            {
              "function": "minecraft:exploration_map",
              "destination": "malum:weeping_well",
              "decoration": "minecraft:red_x",
              "zoom": 1,
              "search_radius": 100,
              "skip_existing_chunks": false
            },
            {
              "function": "minecraft:set_name",
              "name": {
                "text": "Ancient Map",
                "color": "white",
                "italic": false
              }
            }
          ]
        }
      ]
    }
  ]
}