{
  "type": "minecraft:chest",
  "pools": [
    {
      "bonus_rolls": 0.0,
      "entries": [
        {
          "type": "minecraft:item",
          "name": "minecraft:player_head",
          "functions": [
            {
              "function": "minecraft:set_lore",
              "lore": [
                "“…what am I not good enough??”"
              ],
              "mode": "replace_all"
            },
            {
              "function": "minecraft:set_name",
              "name": "The Greatest Treasure"
            },
            {
              "function": "minecraft:set_components",
              "components": {
                "minecraft:profile": "NightScaled"
              }
            }
          ]
       } 
      ],
      "rolls": 1.0
    }
  ],
  "random_sequence": "lootr:chests/elytra"
}